instruction,input,output,specialty_key
Klasifikasikan keluhan medis berikut ke spesialisasi yang tepat.,"Halo Dok, saya merasa tumor jinak, hernia, luka dan juga operasi.",Keluhan ini termasuk dalam kategori Bedah Umum. Anda disarankan berkonsultasi dengan Dokter Spesialis Bedah (Sp.B).,bedah
Klasifikasikan keluhan medis berikut ke spesialisasi yang tepat.,"Halo Dok, saya merasa luka, appendisitis, tumor jinak dan juga hernia.",Keluhan ini termasuk dalam kategori Bedah Umum. Anda disarankan berkonsultasi dengan Dokter Spesialis Bedah (Sp.B).,bedah
Klasifikasikan keluhan medis berikut ke spesialisasi yang tepat.,"Halo Dok, saya merasa tumor jinak dan juga luka.",Keluhan ini termasuk dalam kategori Bedah Umum. Anda disarankan berkonsultasi dengan Dokter Spesialis Bedah (Sp.B).,bedah
Klasifikasikan keluhan medis berikut ke spesialisasi yang tepat.,"Halo Dok, saya merasa luka, appendisitis dan juga hernia.",Keluhan ini termasuk dalam kategori Bedah Umum. Anda disarankan berkonsultasi dengan Dokter Spesialis Bedah (Sp.B).,bedah
Klasifikasikan keluhan medis berikut ke spesialisasi yang tepat.,"Halo Dok, saya merasa tumor jinak dan juga operasi.",Keluhan ini termasuk dalam kategori Bedah Umum. Anda disarankan berkonsultasi dengan Dokter Spesialis Bedah (Sp.B).,bedah
Klasifikasikan keluhan medis berikut ke spesialisasi yang tepat.,"Halo Dok, saya merasa operasi, appendisitis, hernia dan juga tumor jinak.",Keluhan ini termasuk dalam kategori Bedah Umum. Anda disarankan berkonsultasi dengan Dokter Spesialis Bedah (Sp.B).,bedah
Klasifikasikan keluhan medis berikut ke spesialisasi yang tepat.,"Halo Dok, saya merasa tumor jinak, operasi, hernia dan juga appendisitis.",Keluhan ini termasuk dalam kategori Bedah Umum. Anda disarankan berkonsultasi dengan Dokter Spesialis Bedah (Sp.B).,bedah
Klasifikasikan keluhan medis berikut ke spesialisasi yang tepat.,"Halo Dok, saya merasa appendisitis dan juga luka.",Keluhan ini termasuk dalam kategori Bedah Umum. Anda disarankan berkonsultasi dengan Dokter Spesialis Bedah (Sp.B).,bedah
Klasifikasikan keluhan medis berikut ke spesialisasi yang tepat.,"Halo Dok, saya merasa appendisitis, tumor jinak, hernia dan juga operasi.",Keluhan ini termasuk dalam kategori Bedah Umum. Anda disarankan berkonsultasi dengan Dokter Spesialis Bedah (Sp.B).,bedah
Klasifikasikan keluhan medis berikut ke spesialisasi yang tepat.,"Halo Dok, saya merasa luka, hernia dan juga appendisitis.",Keluhan ini termasuk dalam kategori Bedah Umum. Anda disarankan berkonsultasi dengan Dokter Spesialis Bedah (Sp.B).,bedah
Klasifikasikan keluhan medis berikut ke spesialisasi yang tepat.,"Halo Dok, saya merasa malnutrisi, defisiensi gizi dan juga obesitas.",Keluhan ini termasuk dalam kategori Gizi Klinik. Anda disarankan berkonsultasi dengan Dokter Spesialis Gizi Klinik (Sp.GK).,gizi_klinik
Klasifikasikan keluhan medis berikut ke spesialisasi yang tepat.,"Halo Dok, saya merasa defisiensi gizi, obesitas dan juga malnutrisi.",Keluhan ini termasuk dalam kategori Gizi Klinik. Anda disarankan berkonsultasi dengan Dokter Spesialis Gizi Klinik (Sp.GK).,gizi_klinik
Klasifikasikan keluhan medis berikut ke spesialisasi yang tepat.,"Halo Dok, saya merasa defisiensi gizi dan juga obesitas.",Keluhan ini termasuk dalam kategori Gizi Klinik. Anda disarankan berkonsultasi dengan Dokter Spesialis Gizi Klinik (Sp.GK).,gizi_klinik
Klasifikasikan keluhan medis berikut ke spesialisasi yang tepat.,"Halo Dok, saya merasa obesitas, defisiensi gizi dan juga malnutrisi.",Keluhan ini termasuk dalam kategori Gizi Klinik. Anda disarankan berkonsultasi dengan Dokter Spesialis Gizi Klinik (Sp.GK).,gizi_klinik
Klasifikasikan keluhan medis berikut ke spesialisasi yang tepat.,"Halo Dok, saya merasa malnutrisi dan juga obesitas.",Keluhan ini termasuk dalam kategori Gizi Klinik. Anda disarankan berkonsultasi dengan Dokter Spesialis Gizi Klinik (Sp.GK).,gizi_klinik
Klasifikasikan keluhan medis berikut ke spesialisasi yang tepat.,"Halo Dok, saya merasa defisiensi gizi dan juga malnutrisi.",Keluhan ini termasuk dalam kategori Gizi Klinik. Anda disarankan berkonsultasi dengan Dokter Spesialis Gizi Klinik (Sp.GK).,gizi_klinik
Klasifikasikan keluhan medis berikut ke spesialisasi yang tepat.,"Halo Dok, saya merasa fisioterapi dan juga stroke recovery.",Keluhan ini termasuk dalam kategori Kedokteran Fisik & Rehabilitasi. Anda disarankan berkonsultasi dengan Dokter Spesialis KFR (Sp.KFR).,kedokteran_fisik
Klasifikasikan keluhan medis berikut ke spesialisasi yang tepat.,"Halo Dok, saya merasa fisioterapi, stroke recovery dan juga rehabilitasi.",Keluhan ini termasuk dalam kategori Kedokteran Fisik & Rehabilitasi. Anda disarankan berkonsultasi dengan Dokter Spesialis KFR (Sp.KFR).,kedokteran_fisik
Klasifikasikan keluhan medis berikut ke spesialisasi yang tepat.,"Halo Dok, saya merasa stroke recovery, fisioterapi dan juga rehabilitasi.",Keluhan ini termasuk dalam kategori Kedokteran Fisik & Rehabilitasi. Anda disarankan berkonsultasi dengan Dokter Spesialis KFR (Sp.KFR).,kedokteran_fisik
Klasifikasikan keluhan medis berikut ke spesialisasi yang tepat.,"Halo Dok, saya merasa fisioterapi dan juga rehabilitasi.",Keluhan ini termasuk dalam kategori Kedokteran Fisik & Rehabilitasi. Anda disarankan berkonsultasi dengan Dokter Spesialis KFR (Sp.KFR).,kedokteran_fisik
Klasifikasikan keluhan medis berikut ke spesialisasi yang tepat.,"Halo Dok, saya merasa rehabilitasi, stroke recovery dan juga fisioterapi.",Keluhan ini termasuk dalam kategori Kedokteran Fisik & Rehabilitasi. Anda disarankan berkonsultasi dengan Dokter Spesialis KFR (Sp.KFR).,kedokteran_fisik
Klasifikasikan keluhan medis berikut ke spesialisasi yang tepat.,"Halo Dok, saya merasa rehabilitasi, fisioterapi dan juga stroke recovery.",Keluhan ini termasuk dalam kategori Kedokteran Fisik & Rehabilitasi. Anda disarankan berkonsultasi dengan Dokter Spesialis KFR (Sp.KFR).,kedokteran_fisik
Klasifikasikan keluhan medis berikut ke spesialisasi yang tepat.,"Halo Dok, saya merasa stroke recovery dan juga rehabilitasi.",Keluhan ini termasuk dalam kategori Kedokteran Fisik & Rehabilitasi. Anda disarankan berkonsultasi dengan Dokter Spesialis KFR (Sp.KFR).,kedokteran_fisik
Klasifikasikan keluhan medis berikut ke spesialisasi yang tepat.,"Halo Dok, saya merasa tumor ganas dan juga kemoterapi.",Keluhan ini termasuk dalam kategori Onkologi Medik. Anda disarankan berkonsultasi dengan Dokter Spesialis Onkologi Medik (Sp.PD-KHOM).,onkologi
Klasifikasikan keluhan medis berikut ke spesialisasi yang tepat.,"Halo Dok, saya merasa tumor ganas dan juga kanker.",Keluhan ini termasuk dalam kategori Onkologi Medik. Anda disarankan berkonsultasi dengan Dokter Spesialis Onkologi Medik (Sp.PD-KHOM).,onkologi
Klasifikasikan keluhan medis berikut ke spesialisasi yang tepat.,"Halo Dok, saya merasa kanker dan juga kemoterapi.",Keluhan ini termasuk dalam kategori Onkologi Medik. Anda disarankan berkonsultasi dengan Dokter Spesialis Onkologi Medik (Sp.PD-KHOM).,onkologi
Klasifikasikan keluhan medis berikut ke spesialisasi yang tepat.,"Halo Dok, saya merasa kanker dan juga tumor ganas.",Keluhan ini termasuk dalam kategori Onkologi Medik. Anda disarankan berkonsultasi dengan Dokter Spesialis Onkologi Medik (Sp.PD-KHOM).,onkologi
Klasifikasikan keluhan medis berikut ke spesialisasi yang tepat.,"Halo Dok, saya merasa kanker, tumor ganas dan juga kemoterapi.",Keluhan ini termasuk dalam kategori Onkologi Medik. Anda disarankan berkonsultasi dengan Dokter Spesialis Onkologi Medik (Sp.PD-KHOM).,onkologi
Klasifikasikan keluhan medis berikut ke spesialisasi yang tepat.,"Halo Dok, saya merasa tumor ganas, kanker dan juga kemoterapi.",Keluhan ini termasuk dalam kategori Onkologi Medik. Anda disarankan berkonsultasi dengan Dokter Spesialis Onkologi Medik (Sp.PD-KHOM).,onkologi
Klasifikasikan keluhan medis berikut ke spesialisasi yang tepat.,"Halo Dok, saya merasa kemoterapi, tumor ganas dan juga kanker.",Keluhan ini termasuk dalam kategori Onkologi Medik. Anda disarankan berkonsultasi dengan Dokter Spesialis Onkologi Medik (Sp.PD-KHOM).,onkologi
Klasifikasikan keluhan medis berikut ke spesialisasi yang tepat.,"Halo Dok, saya merasa tiroidektomi dan juga reseksi tumor.",Keluhan ini termasuk dalam kategori Bedah Onkologi. Anda disarankan berkonsultasi dengan Dokter Spesialis Bedah Onkologi (Sp.B-KBD).,bedah_onkologi
Klasifikasikan keluhan medis berikut ke spesialisasi yang tepat.,"Halo Dok, saya merasa mastektomi dan juga reseksi tumor.",Keluhan ini termasuk dalam kategori Bedah Onkologi. Anda disarankan berkonsultasi dengan Dokter Spesialis Bedah Onkologi (Sp.B-KBD).,bedah_onkologi
Klasifikasikan keluhan medis berikut ke spesialisasi yang tepat.,"Halo Dok, saya merasa tiroidektomi, reseksi tumor dan juga mastektomi.",Keluhan ini termasuk dalam kategori Bedah Onkologi. Anda disarankan berkonsultasi dengan Dokter Spesialis Bedah Onkologi (Sp.B-KBD).,bedah_onkologi
Klasifikasikan keluhan medis berikut ke spesialisasi yang tepat.,"Halo Dok, saya merasa tiroidektomi dan juga mastektomi.",Keluhan ini termasuk dalam kategori Bedah Onkologi. Anda disarankan berkonsultasi dengan Dokter Spesialis Bedah Onkologi (Sp.B-KBD).,bedah_onkologi
Klasifikasikan keluhan medis berikut ke spesialisasi yang tepat.,"Halo Dok, saya merasa mastektomi dan juga tiroidektomi.",Keluhan ini termasuk dalam kategori Bedah Onkologi. Anda disarankan berkonsultasi dengan Dokter Spesialis Bedah Onkologi (Sp.B-KBD).,bedah_onkologi
Klasifikasikan keluhan medis berikut ke spesialisasi yang tepat.,"Halo Dok, saya merasa mastektomi, tiroidektomi dan juga reseksi tumor.",Keluhan ini termasuk dalam kategori Bedah Onkologi. Anda disarankan berkonsultasi dengan Dokter Spesialis Bedah Onkologi (Sp.B-KBD).,bedah_onkologi
Klasifikasikan keluhan medis berikut ke spesialisasi yang tepat.,"Halo Dok, saya merasa dislokasi dan juga patah tulang.",Keluhan ini termasuk dalam kategori Ortopedi & Traumatologi. Anda disarankan berkonsultasi dengan Dokter Spesialis Ortopedi (Sp.OT).,ortopedi
Klasifikasikan keluhan medis berikut ke spesialisasi yang tepat.,"Halo Dok, saya merasa dislokasi dan juga sendi.",Keluhan ini termasuk dalam kategori Ortopedi & Traumatologi. Anda disarankan berkonsultasi dengan Dokter Spesialis Ortopedi (Sp.OT).,ortopedi
Klasifikasikan keluhan medis berikut ke spesialisasi yang tepat.,"Halo Dok, saya merasa patah tulang, sendi dan juga dislokasi.",Keluhan ini termasuk dalam kategori Ortopedi & Traumatologi. Anda disarankan berkonsultasi dengan Dokter Spesialis Ortopedi (Sp.OT).,ortopedi
Klasifikasikan keluhan medis berikut ke spesialisasi yang tepat.,"Halo Dok, saya merasa patah tulang dan juga sendi.",Keluhan ini termasuk dalam kategori Ortopedi & Traumatologi. Anda disarankan berkonsultasi dengan Dokter Spesialis Ortopedi (Sp.OT).,ortopedi
Klasifikasikan keluhan medis berikut ke spesialisasi yang tepat.,"Halo Dok, saya merasa sendi dan juga dislokasi.",Keluhan ini termasuk dalam kategori Ortopedi & Traumatologi. Anda disarankan berkonsultasi dengan Dokter Spesialis Ortopedi (Sp.OT).,ortopedi
Klasifikasikan keluhan medis berikut ke spesialisasi yang tepat.,"Halo Dok, saya merasa patah tulang dan juga dislokasi.",Keluhan ini termasuk dalam kategori Ortopedi & Traumatologi. Anda disarankan berkonsultasi dengan Dokter Spesialis Ortopedi (Sp.OT).,ortopedi
Klasifikasikan keluhan medis berikut ke spesialisasi yang tepat.,"Halo Dok, saya merasa epilepsi, stroke dan juga migrain.",Keluhan ini termasuk dalam kategori Ilmu Penyakit Saraf. Anda disarankan berkonsultasi dengan Dokter Spesialis Saraf (Sp.S).,saraf
Klasifikasikan keluhan medis berikut ke spesialisasi yang tepat.,"Halo Dok, saya merasa migrain, epilepsi dan juga stroke.",Keluhan ini termasuk dalam kategori Ilmu Penyakit Saraf. Anda disarankan berkonsultasi dengan Dokter Spesialis Saraf (Sp.S).,saraf
Klasifikasikan keluhan medis berikut ke spesialisasi yang tepat.,"Halo Dok, saya merasa migrain dan juga stroke.",Keluhan ini termasuk dalam kategori Ilmu Penyakit Saraf. Anda disarankan berkonsultasi dengan Dokter Spesialis Saraf (Sp.S).,saraf
Klasifikasikan keluhan medis berikut ke spesialisasi yang tepat.,"Halo Dok, saya merasa stroke dan juga migrain.",Keluhan ini termasuk dalam kategori Ilmu Penyakit Saraf. Anda disarankan berkonsultasi dengan Dokter Spesialis Saraf (Sp.S).,saraf
Klasifikasikan keluhan medis berikut ke spesialisasi yang tepat.,"Halo Dok, saya merasa stroke dan juga epilepsi.",Keluhan ini termasuk dalam kategori Ilmu Penyakit Saraf. Anda disarankan berkonsultasi dengan Dokter Spesialis Saraf (Sp.S).,saraf
Klasifikasikan keluhan medis berikut ke spesialisasi yang tepat.,"Halo Dok, saya merasa stroke, epilepsi dan juga migrain.",Keluhan ini termasuk dalam kategori Ilmu Penyakit Saraf. Anda disarankan berkonsultasi dengan Dokter Spesialis Saraf (Sp.S).,saraf
Klasifikasikan keluhan medis berikut ke spesialisasi yang tepat.,"Halo Dok, saya merasa migrain dan juga epilepsi.",Keluhan ini termasuk dalam kategori Ilmu Penyakit Saraf. Anda disarankan berkonsultasi dengan Dokter Spesialis Saraf (Sp.S).,saraf
Klasifikasikan keluhan medis berikut ke spesialisasi yang tepat.,"Halo Dok, saya merasa diabetes dan juga hipertensi.",Keluhan ini termasuk dalam kategori Penyakit Dalam. Anda disarankan berkonsultasi dengan Dokter Spesialis Penyakit Dalam (Sp.PD).,penyakit_dalam
Klasifikasikan keluhan medis berikut ke spesialisasi yang tepat.,"Halo Dok, saya merasa hipertensi dan juga infeksi.",Keluhan ini termasuk dalam kategori Penyakit Dalam. Anda disarankan berkonsultasi dengan Dokter Spesialis Penyakit Dalam (Sp.PD).,penyakit_dalam
Klasifikasikan keluhan medis berikut ke spesialisasi yang tepat.,"Halo Dok, saya merasa hipertensi dan juga diabetes.",Keluhan ini termasuk dalam kategori Penyakit Dalam. Anda disarankan berkonsultasi dengan Dokter Spesialis Penyakit Dalam (Sp.PD).,penyakit_dalam
Klasifikasikan keluhan medis berikut ke spesialisasi yang tepat.,"Halo Dok, saya merasa hipertensi, infeksi dan juga diabetes.",Keluhan ini termasuk dalam kategori Penyakit Dalam. Anda disarankan berkonsultasi dengan Dokter Spesialis Penyakit Dalam (Sp.PD).,penyakit_dalam
Klasifikasikan keluhan medis berikut ke spesialisasi yang tepat.,"Halo Dok, saya merasa diabetes, infeksi dan juga hipertensi.",Keluhan ini termasuk dalam kategori Penyakit Dalam. Anda disarankan berkonsultasi dengan Dokter Spesialis Penyakit Dalam (Sp.PD).,penyakit_dalam
Klasifikasikan keluhan medis berikut ke spesialisasi yang tepat.,"Halo Dok, saya merasa infeksi, diabetes dan juga hipertensi.",Keluhan ini termasuk dalam kategori Penyakit Dalam. Anda disarankan berkonsultasi dengan Dokter Spesialis Penyakit Dalam (Sp.PD).,penyakit_dalam
Klasifikasikan keluhan medis berikut ke spesialisasi yang tepat.,"Halo Dok, saya merasa infeksi dan juga hipertensi.",Keluhan ini termasuk dalam kategori Penyakit Dalam. Anda disarankan berkonsultasi dengan Dokter Spesialis Penyakit Dalam (Sp.PD).,penyakit_dalam
Klasifikasikan keluhan medis berikut ke spesialisasi yang tepat.,"Halo Dok, saya merasa maag, hepatitis dan juga GERD.",Keluhan ini termasuk dalam kategori Gastroenterologi. Anda disarankan berkonsultasi dengan Dokter Sp.PD-KGEH.,gastroenterologi
Klasifikasikan keluhan medis berikut ke spesialisasi yang tepat.,"Halo Dok, saya merasa GERD, hepatitis dan juga maag.",Keluhan ini termasuk dalam kategori Gastroenterologi. Anda disarankan berkonsultasi dengan Dokter Sp.PD-KGEH.,gastroenterologi
Klasifikasikan keluhan medis berikut ke spesialisasi yang tepat.,"Halo Dok, saya merasa maag dan juga GERD.",Keluhan ini termasuk dalam kategori Gastroenterologi. Anda disarankan berkonsultasi dengan Dokter Sp.PD-KGEH.,gastroenterologi
Klasifikasikan keluhan medis berikut ke spesialisasi yang tepat.,"Halo Dok, saya merasa hepatitis, maag dan juga GERD.",Keluhan ini termasuk dalam kategori Gastroenterologi. Anda disarankan berkonsultasi dengan Dokter Sp.PD-KGEH.,gastroenterologi
Klasifikasikan keluhan medis berikut ke spesialisasi yang tepat.,"Halo Dok, saya merasa GERD dan juga hepatitis.",Keluhan ini termasuk dalam kategori Gastroenterologi. Anda disarankan berkonsultasi dengan Dokter Sp.PD-KGEH.,gastroenterologi
Klasifikasikan keluhan medis berikut ke spesialisasi yang tepat.,"Halo Dok, saya merasa maag, GERD dan juga hepatitis.",Keluhan ini termasuk dalam kategori Gastroenterologi. Anda disarankan berkonsultasi dengan Dokter Sp.PD-KGEH.,gastroenterologi
Klasifikasikan keluhan medis berikut ke spesialisasi yang tepat.,"Halo Dok, saya merasa alergi, autoimun dan juga asma.",Keluhan ini termasuk dalam kategori Alergi & Imunologi. Anda disarankan berkonsultasi dengan Dokter Sp.PD-KAI.,alergi_imunologi
Klasifikasikan keluhan medis berikut ke spesialisasi yang tepat.,"Halo Dok, saya merasa asma dan juga autoimun.",Keluhan ini termasuk dalam kategori Alergi & Imunologi. Anda disarankan berkonsultasi dengan Dokter Sp.PD-KAI.,alergi_imunologi
Klasifikasikan keluhan medis berikut ke spesialisasi yang tepat.,"Halo Dok, saya merasa alergi dan juga autoimun.",Keluhan ini termasuk dalam kategori Alergi & Imunologi. Anda disarankan berkonsultasi dengan Dokter Sp.PD-KAI.,alergi_imunologi
Klasifikasikan keluhan medis berikut ke spesialisasi yang tepat.,"Halo Dok, saya merasa asma, alergi dan juga autoimun.",Keluhan ini termasuk dalam kategori Alergi & Imunologi. Anda disarankan berkonsultasi dengan Dokter Sp.PD-KAI.,alergi_imunologi
Klasifikasikan keluhan medis berikut ke spesialisasi yang tepat.,"Halo Dok, saya merasa asma dan juga alergi.",Keluhan ini termasuk dalam kategori Alergi & Imunologi. Anda disarankan berkonsultasi dengan Dokter Sp.PD-KAI.,alergi_imunologi
Klasifikasikan keluhan medis berikut ke spesialisasi yang tepat.,"Halo Dok, saya merasa autoimun dan juga asma.",Keluhan ini termasuk dalam kategori Alergi & Imunologi. Anda disarankan berkonsultasi dengan Dokter Sp.PD-KAI.,alergi_imunologi
Klasifikasikan keluhan medis berikut ke spesialisasi yang tepat.,"Halo Dok, saya merasa asma, autoimun dan juga alergi.",Keluhan ini termasuk dalam kategori Alergi & Imunologi. Anda disarankan berkonsultasi dengan Dokter Sp.PD-KAI.,alergi_imunologi
Klasifikasikan keluhan medis berikut ke spesialisasi yang tepat.,"Halo Dok, saya merasa diabetes, tiroid dan juga hormon.",Keluhan ini termasuk dalam kategori Endokrinologi. Anda disarankan berkonsultasi dengan Dokter Sp.PD-KEMD.,endokrinologi
Klasifikasikan keluhan medis berikut ke spesialisasi yang tepat.,"Halo Dok, saya merasa tiroid dan juga hormon.",Keluhan ini termasuk dalam kategori Endokrinologi. Anda disarankan berkonsultasi dengan Dokter Sp.PD-KEMD.,endokrinologi
Klasifikasikan keluhan medis berikut ke spesialisasi yang tepat.,"Halo Dok, saya merasa tiroid, hormon dan juga diabetes.",Keluhan ini termasuk dalam kategori Endokrinologi. Anda disarankan berkonsultasi dengan Dokter Sp.PD-KEMD.,endokrinologi
Klasifikasikan keluhan medis berikut ke spesialisasi yang tepat.,"Halo Dok, saya merasa hormon dan juga tiroid.",Keluhan ini termasuk dalam kategori Endokrinologi. Anda disarankan berkonsultasi dengan Dokter Sp.PD-KEMD.,endokrinologi
Klasifikasikan keluhan medis berikut ke spesialisasi yang tepat.,"Halo Dok, saya merasa diabetes, hormon dan juga tiroid.",Keluhan ini termasuk dalam kategori Endokrinologi. Anda disarankan berkonsultasi dengan Dokter Sp.PD-KEMD.,endokrinologi
Klasifikasikan keluhan medis berikut ke spesialisasi yang tepat.,"Halo Dok, saya merasa tiroid dan juga diabetes.",Keluhan ini termasuk dalam kategori Endokrinologi. Anda disarankan berkonsultasi dengan Dokter Sp.PD-KEMD.,endokrinologi
Klasifikasikan keluhan medis berikut ke spesialisasi yang tepat.,"Halo Dok, saya merasa hormon, diabetes dan juga tiroid.",Keluhan ini termasuk dalam kategori Endokrinologi. Anda disarankan berkonsultasi dengan Dokter Sp.PD-KEMD.,endokrinologi
Klasifikasikan keluhan medis berikut ke spesialisasi yang tepat.,"Halo Dok, saya merasa hormon dan juga diabetes.",Keluhan ini termasuk dalam kategori Endokrinologi. Anda disarankan berkonsultasi dengan Dokter Sp.PD-KEMD.,endokrinologi
Klasifikasikan keluhan medis berikut ke spesialisasi yang tepat.,"Halo Dok, saya merasa prostat dan juga batu ginjal.",Keluhan ini termasuk dalam kategori Urologi. Anda disarankan berkonsultasi dengan Dokter Spesialis Urologi (Sp.U).,urologi
Klasifikasikan keluhan medis berikut ke spesialisasi yang tepat.,"Halo Dok, saya merasa batu ginjal dan juga prostat.",Keluhan ini termasuk dalam kategori Urologi. Anda disarankan berkonsultasi dengan Dokter Spesialis Urologi (Sp.U).,urologi
Klasifikasikan keluhan medis berikut ke spesialisasi yang tepat.,"Halo Dok, saya merasa TB paru dan juga pneumonia.",Keluhan ini termasuk dalam kategori Pulmonologi. Anda disarankan berkonsultasi dengan Dokter Spesialis Paru (Sp.P).,pulmonologi
Klasifikasikan keluhan medis berikut ke spesialisasi yang tepat.,"Halo Dok, saya merasa TB paru dan juga sesak.",Keluhan ini termasuk dalam kategori Pulmonologi. Anda disarankan berkonsultasi dengan Dokter Spesialis Paru (Sp.P).,pulmonologi
Klasifikasikan keluhan medis berikut ke spesialisasi yang tepat.,"Halo Dok, saya merasa TB paru, pneumonia dan juga sesak.",Keluhan ini termasuk dalam kategori Pulmonologi. Anda disarankan berkonsultasi dengan Dokter Spesialis Paru (Sp.P).,pulmonologi
Klasifikasikan keluhan medis berikut ke spesialisasi yang tepat.,"Halo Dok, saya merasa sesak, TB paru dan juga pneumonia.",Keluhan ini termasuk dalam kategori Pulmonologi. Anda disarankan berkonsultasi dengan Dokter Spesialis Paru (Sp.P).,pulmonologi
Klasifikasikan keluhan medis berikut ke spesialisasi yang tepat.,"Halo Dok, saya merasa pneumonia dan juga TB paru.",Keluhan ini termasuk dalam kategori Pulmonologi. Anda disarankan berkonsultasi dengan Dokter Spesialis Paru (Sp.P).,pulmonologi
Klasifikasikan keluhan medis berikut ke spesialisasi yang tepat.,"Halo Dok, saya merasa sesak, pneumonia dan juga TB paru.",Keluhan ini termasuk dalam kategori Pulmonologi. Anda disarankan berkonsultasi dengan Dokter Spesialis Paru (Sp.P).,pulmonologi
Klasifikasikan keluhan medis berikut ke spesialisasi yang tepat.,"Halo Dok, saya merasa demam anak dan juga vaksinasi.",Keluhan ini termasuk dalam kategori Pediatri. Anda disarankan berkonsultasi dengan Dokter Spesialis Anak (Sp.A).,pediatri
Klasifikasikan keluhan medis berikut ke spesialisasi yang tepat.,"Halo Dok, saya merasa vaksinasi dan juga demam anak.",Keluhan ini termasuk dalam kategori Pediatri. Anda disarankan berkonsultasi dengan Dokter Spesialis Anak (Sp.A).,pediatri
Klasifikasikan keluhan medis berikut ke spesialisasi yang tepat.,"Halo Dok, saya merasa demensia dan juga tremor.",Keluhan ini termasuk dalam kategori Neurologi. Anda disarankan berkonsultasi dengan Dokter Spesialis Neurologi (Sp.N).,neurologi
Klasifikasikan keluhan medis berikut ke spesialisasi yang tepat.,"Halo Dok, saya merasa tremor, kejang dan juga demensia.",Keluhan ini termasuk dalam kategori Neurologi. Anda disarankan berkonsultasi dengan Dokter Spesialis Neurologi (Sp.N).,neurologi
Klasifikasikan keluhan medis berikut ke spesialisasi yang tepat.,"Halo Dok, saya merasa kejang dan juga tremor.",Keluhan ini termasuk dalam kategori Neurologi. Anda disarankan berkonsultasi dengan Dokter Spesialis Neurologi (Sp.N).,neurologi
Klasifikasikan keluhan medis berikut ke spesialisasi yang tepat.,"Halo Dok, saya merasa tremor dan juga kejang.",Keluhan ini termasuk dalam kategori Neurologi. Anda disarankan berkonsultasi dengan Dokter Spesialis Neurologi (Sp.N).,neurologi
Klasifikasikan keluhan medis berikut ke spesialisasi yang tepat.,"Halo Dok, saya merasa tremor, demensia dan juga kejang.",Keluhan ini termasuk dalam kategori Neurologi. Anda disarankan berkonsultasi dengan Dokter Spesialis Neurologi (Sp.N).,neurologi
Klasifikasikan keluhan medis berikut ke spesialisasi yang tepat.,"Halo Dok, saya merasa tremor dan juga demensia.",Keluhan ini termasuk dalam kategori Neurologi. Anda disarankan berkonsultasi dengan Dokter Spesialis Neurologi (Sp.N).,neurologi
Klasifikasikan keluhan medis berikut ke spesialisasi yang tepat.,"Halo Dok, saya merasa demensia, kejang dan juga tremor.",Keluhan ini termasuk dalam kategori Neurologi. Anda disarankan berkonsultasi dengan Dokter Spesialis Neurologi (Sp.N).,neurologi
Klasifikasikan keluhan medis berikut ke spesialisasi yang tepat.,"Halo Dok, saya merasa menstruasi dan juga kehamilan.",Keluhan ini termasuk dalam kategori Obstetri & Ginekologi. Anda disarankan berkonsultasi dengan Dokter Spesialis Obsgin (Sp.OG).,obsgyn
Klasifikasikan keluhan medis berikut ke spesialisasi yang tepat.,"Halo Dok, saya merasa kehamilan dan juga menstruasi.",Keluhan ini termasuk dalam kategori Obstetri & Ginekologi. Anda disarankan berkonsultasi dengan Dokter Spesialis Obsgin (Sp.OG).,obsgyn
Klasifikasikan keluhan medis berikut ke spesialisasi yang tepat.,"Halo Dok, saya merasa infeksi kulit dan juga eksim.",Keluhan ini termasuk dalam kategori Dermatologi. Anda disarankan berkonsultasi dengan Dokter Spesialis Kulit (Sp.KK).,dermatologi
Klasifikasikan keluhan medis berikut ke spesialisasi yang tepat.,"Halo Dok, saya merasa jerawat dan juga infeksi kulit.",Keluhan ini termasuk dalam kategori Dermatologi. Anda disarankan berkonsultasi dengan Dokter Spesialis Kulit (Sp.KK).,dermatologi
Klasifikasikan keluhan medis berikut ke spesialisasi yang tepat.,"Halo Dok, saya merasa jerawat, infeksi kulit dan juga eksim.",Keluhan ini termasuk dalam kategori Dermatologi. Anda disarankan berkonsultasi dengan Dokter Spesialis Kulit (Sp.KK).,dermatologi
Klasifikasikan keluhan medis berikut ke spesialisasi yang tepat.,"Halo Dok, saya merasa eksim dan juga jerawat.",Keluhan ini termasuk dalam kategori Dermatologi. Anda disarankan berkonsultasi dengan Dokter Spesialis Kulit (Sp.KK).,dermatologi
Klasifikasikan keluhan medis berikut ke spesialisasi yang tepat.,"Halo Dok, saya merasa jerawat, eksim dan juga infeksi kulit.",Keluhan ini termasuk dalam kategori Dermatologi. Anda disarankan berkonsultasi dengan Dokter Spesialis Kulit (Sp.KK).,dermatologi
Klasifikasikan keluhan medis berikut ke spesialisasi yang tepat.,"Halo Dok, saya merasa infeksi kulit dan juga jerawat.",Keluhan ini termasuk dalam kategori Dermatologi. Anda disarankan berkonsultasi dengan Dokter Spesialis Kulit (Sp.KK).,dermatologi
Klasifikasikan keluhan medis berikut ke spesialisasi yang tepat.,"Halo Dok, saya merasa ereksi dan juga infertilitas pria.",Keluhan ini termasuk dalam kategori Andrologi. Anda disarankan berkonsultasi dengan Dokter Spesialis Andrologi (Sp.And).,andrologi
Klasifikasikan keluhan medis berikut ke spesialisasi yang tepat.,"Halo Dok, saya merasa infertilitas pria dan juga ereksi.",Keluhan ini termasuk dalam kategori Andrologi. Anda disarankan berkonsultasi dengan Dokter Spesialis Andrologi (Sp.And).,andrologi
Klasifikasikan keluhan medis berikut ke spesialisasi yang tepat.,"Halo Dok, saya merasa tonsil dan juga tinnitus.",Keluhan ini termasuk dalam kategori THT. Anda disarankan berkonsultasi dengan Dokter Spesialis THT (Sp.THT-KL).,tht
Klasifikasikan keluhan medis berikut ke spesialisasi yang tepat.,"Halo Dok, saya merasa tonsil dan juga sinusitis.",Keluhan ini termasuk dalam kategori THT. Anda disarankan berkonsultasi dengan Dokter Spesialis THT (Sp.THT-KL).,tht
Klasifikasikan keluhan medis berikut ke spesialisasi yang tepat.,"Halo Dok, saya merasa tinnitus dan juga sinusitis.",Keluhan ini termasuk dalam kategori THT. Anda disarankan berkonsultasi dengan Dokter Spesialis THT (Sp.THT-KL).,tht
Klasifikasikan keluhan medis berikut ke spesialisasi yang tepat.,"Halo Dok, saya merasa tinnitus, sinusitis dan juga tonsil.",Keluhan ini termasuk dalam kategori THT. Anda disarankan berkonsultasi dengan Dokter Spesialis THT (Sp.THT-KL).,tht
Klasifikasikan keluhan medis berikut ke spesialisasi yang tepat.,"Halo Dok, saya merasa sinusitis dan juga tinnitus.",Keluhan ini termasuk dalam kategori THT. Anda disarankan berkonsultasi dengan Dokter Spesialis THT (Sp.THT-KL).,tht
Klasifikasikan keluhan medis berikut ke spesialisasi yang tepat.,"Halo Dok, saya merasa tonsil, tinnitus dan juga sinusitis.",Keluhan ini termasuk dalam kategori THT. Anda disarankan berkonsultasi dengan Dokter Spesialis THT (Sp.THT-KL).,tht
Klasifikasikan keluhan medis berikut ke spesialisasi yang tepat.,"Halo Dok, saya merasa sinusitis, tinnitus dan juga tonsil.",Keluhan ini termasuk dalam kategori THT. Anda disarankan berkonsultasi dengan Dokter Spesialis THT (Sp.THT-KL).,tht
Klasifikasikan keluhan medis berikut ke spesialisasi yang tepat.,"Halo Dok, saya merasa sinusitis, tonsil dan juga tinnitus.",Keluhan ini termasuk dalam kategori THT. Anda disarankan berkonsultasi dengan Dokter Spesialis THT (Sp.THT-KL).,tht
Klasifikasikan keluhan medis berikut ke spesialisasi yang tepat.,"Halo Dok, saya merasa glaukoma dan juga katarak.",Keluhan ini termasuk dalam kategori Oftalmologi. Anda disarankan berkonsultasi dengan Dokter Spesialis Mata (Sp.M).,mata
Klasifikasikan keluhan medis berikut ke spesialisasi yang tepat.,"Halo Dok, saya merasa katarak dan juga glaukoma.",Keluhan ini termasuk dalam kategori Oftalmologi. Anda disarankan berkonsultasi dengan Dokter Spesialis Mata (Sp.M).,mata
Klasifikasikan keluhan medis berikut ke spesialisasi yang tepat.,"Halo Dok, saya merasa anxietas dan juga depresi.",Keluhan ini termasuk dalam kategori Psikiatri. Anda disarankan berkonsultasi dengan Dokter Spesialis Jiwa (Sp.KJ).,psikiatri
Klasifikasikan keluhan medis berikut ke spesialisasi yang tepat.,"Halo Dok, saya merasa depresi dan juga anxietas.",Keluhan ini termasuk dalam kategori Psikiatri. Anda disarankan berkonsultasi dengan Dokter Spesialis Jiwa (Sp.KJ).,psikiatri
Klasifikasikan keluhan medis berikut ke spesialisasi yang tepat.,"Halo Dok, saya merasa gusi dan juga sakit gigi.",Keluhan ini termasuk dalam kategori Gigi Umum. Anda disarankan berkonsultasi dengan Dokter Gigi (drg.).,gigi
Klasifikasikan keluhan medis berikut ke spesialisasi yang tepat.,"Halo Dok, saya merasa sakit gigi dan juga gusi.",Keluhan ini termasuk dalam kategori Gigi Umum. Anda disarankan berkonsultasi dengan Dokter Gigi (drg.).,gigi
Klasifikasikan keluhan medis berikut ke spesialisasi yang tepat.,"Halo Dok, saya merasa tumor rahang dan juga pencabutan.",Keluhan ini termasuk dalam kategori Bedah Mulut. Anda disarankan berkonsultasi dengan drg. Sp.BM.,bedah_mulut
Klasifikasikan keluhan medis berikut ke spesialisasi yang tepat.,"Halo Dok, saya merasa pencabutan dan juga tumor rahang.",Keluhan ini termasuk dalam kategori Bedah Mulut. Anda disarankan berkonsultasi dengan drg. Sp.BM.,bedah_mulut
Klasifikasikan keluhan medis berikut ke spesialisasi yang tepat.,"Halo Dok, saya merasa implan dan juga gigi palsu.",Keluhan ini termasuk dalam kategori Prostodonsia. Anda disarankan berkonsultasi dengan drg. Sp.Pros.,prostodonsia
Klasifikasikan keluhan medis berikut ke spesialisasi yang tepat.,"Halo Dok, saya merasa gigi palsu dan juga implan.",Keluhan ini termasuk dalam kategori Prostodonsia. Anda disarankan berkonsultasi dengan drg. Sp.Pros.,prostodonsia
Klasifikasikan keluhan medis berikut ke spesialisasi yang tepat.,"Halo Dok, saya merasa nyeri dada dan juga jantung berdebar.",Keluhan ini termasuk dalam kategori Kardiologi. Anda disarankan berkonsultasi dengan Dokter Spesialis Jantung (Sp.JP).,kardiologi
Klasifikasikan keluhan medis berikut ke spesialisasi yang tepat.,"Halo Dok, saya merasa gagal jantung dan juga nyeri dada.",Keluhan ini termasuk dalam kategori Kardiologi. Anda disarankan berkonsultasi dengan Dokter Spesialis Jantung (Sp.JP).,kardiologi
Klasifikasikan keluhan medis berikut ke spesialisasi yang tepat.,"Halo Dok, saya merasa gagal jantung, nyeri dada dan juga jantung berdebar.",Keluhan ini termasuk dalam kategori Kardiologi. Anda disarankan berkonsultasi dengan Dokter Spesialis Jantung (Sp.JP).,kardiologi
Klasifikasikan keluhan medis berikut ke spesialisasi yang tepat.,"Halo Dok, saya merasa jantung berdebar dan juga gagal jantung.",Keluhan ini termasuk dalam kategori Kardiologi. Anda disarankan berkonsultasi dengan Dokter Spesialis Jantung (Sp.JP).,kardiologi
Klasifikasikan keluhan medis berikut ke spesialisasi yang tepat.,"Halo Dok, saya merasa nyeri dada, gagal jantung dan juga jantung berdebar.",Keluhan ini termasuk dalam kategori Kardiologi. Anda disarankan berkonsultasi dengan Dokter Spesialis Jantung (Sp.JP).,kardiologi
Klasifikasikan keluhan medis berikut ke spesialisasi yang tepat.,"Halo Dok, saya merasa gagal jantung dan juga jantung berdebar.",Keluhan ini termasuk dalam kategori Kardiologi. Anda disarankan berkonsultasi dengan Dokter Spesialis Jantung (Sp.JP).,kardiologi
Klasifikasikan keluhan medis berikut ke spesialisasi yang tepat.,"Halo Dok, saya merasa jantung berdebar dan juga nyeri dada.",Keluhan ini termasuk dalam kategori Kardiologi. Anda disarankan berkonsultasi dengan Dokter Spesialis Jantung (Sp.JP).,kardiologi
Klasifikasikan keluhan medis berikut ke spesialisasi yang tepat.,"Halo Dok, saya merasa gagal ginjal, proteinuria dan juga dialisis.",Keluhan ini termasuk dalam kategori Nefrologi. Anda disarankan berkonsultasi dengan Dokter Sp.PD-KGH.,nefrologi
Klasifikasikan keluhan medis berikut ke spesialisasi yang tepat.,"Halo Dok, saya merasa gagal ginjal dan juga proteinuria.",Keluhan ini termasuk dalam kategori Nefrologi. Anda disarankan berkonsultasi dengan Dokter Sp.PD-KGH.,nefrologi
Klasifikasikan keluhan medis berikut ke spesialisasi yang tepat.,"Halo Dok, saya merasa dialisis, proteinuria dan juga gagal ginjal.",Keluhan ini termasuk dalam kategori Nefrologi. Anda disarankan berkonsultasi dengan Dokter Sp.PD-KGH.,nefrologi
Klasifikasikan keluhan medis berikut ke spesialisasi yang tepat.,"Halo Dok, saya merasa proteinuria dan juga dialisis.",Keluhan ini termasuk dalam kategori Nefrologi. Anda disarankan berkonsultasi dengan Dokter Sp.PD-KGH.,nefrologi
Klasifikasikan keluhan medis berikut ke spesialisasi yang tepat.,"Halo Dok, saya merasa proteinuria dan juga gagal ginjal.",Keluhan ini termasuk dalam kategori Nefrologi. Anda disarankan berkonsultasi dengan Dokter Sp.PD-KGH.,nefrologi
Klasifikasikan keluhan medis berikut ke spesialisasi yang tepat.,"Halo Dok, saya merasa dialisis dan juga proteinuria.",Keluhan ini termasuk dalam kategori Nefrologi. Anda disarankan berkonsultasi dengan Dokter Sp.PD-KGH.,nefrologi
Klasifikasikan keluhan medis berikut ke spesialisasi yang tepat.,"Halo Dok, saya merasa gagal ginjal, dialisis dan juga proteinuria.",Keluhan ini termasuk dalam kategori Nefrologi. Anda disarankan berkonsultasi dengan Dokter Sp.PD-KGH.,nefrologi
Klasifikasikan keluhan medis berikut ke spesialisasi yang tepat.,"Halo Dok, saya merasa nyeri sendi kronis dan juga rematik.",Keluhan ini termasuk dalam kategori Reumatologi. Anda disarankan berkonsultasi dengan Dokter Sp.PD-KR.,reumatologi
Klasifikasikan keluhan medis berikut ke spesialisasi yang tepat.,"Halo Dok, saya merasa lupus dan juga nyeri sendi kronis.",Keluhan ini termasuk dalam kategori Reumatologi. Anda disarankan berkonsultasi dengan Dokter Sp.PD-KR.,reumatologi
Klasifikasikan keluhan medis berikut ke spesialisasi yang tepat.,"Halo Dok, saya merasa rematik dan juga nyeri sendi kronis.",Keluhan ini termasuk dalam kategori Reumatologi. Anda disarankan berkonsultasi dengan Dokter Sp.PD-KR.,reumatologi
Klasifikasikan keluhan medis berikut ke spesialisasi yang tepat.,"Halo Dok, saya merasa lupus, rematik dan juga nyeri sendi kronis.",Keluhan ini termasuk dalam kategori Reumatologi. Anda disarankan berkonsultasi dengan Dokter Sp.PD-KR.,reumatologi
Klasifikasikan keluhan medis berikut ke spesialisasi yang tepat.,"Halo Dok, saya merasa rematik, lupus dan juga nyeri sendi kronis.",Keluhan ini termasuk dalam kategori Reumatologi. Anda disarankan berkonsultasi dengan Dokter Sp.PD-KR.,reumatologi
Klasifikasikan keluhan medis berikut ke spesialisasi yang tepat.,"Halo Dok, saya merasa nyeri sendi kronis, lupus dan juga rematik.",Keluhan ini termasuk dalam kategori Reumatologi. Anda disarankan berkonsultasi dengan Dokter Sp.PD-KR.,reumatologi
Klasifikasikan keluhan medis berikut ke spesialisasi yang tepat.,"Halo Dok, saya merasa rematik dan juga lupus.",Keluhan ini termasuk dalam kategori Reumatologi. Anda disarankan berkonsultasi dengan Dokter Sp.PD-KR.,reumatologi
Klasifikasikan keluhan medis berikut ke spesialisasi yang tepat.,"Halo Dok, saya merasa gangguan pembekuan dan juga leukemia.",Keluhan ini termasuk dalam kategori Hematologi. Anda disarankan berkonsultasi dengan Dokter Sp.PD-KHOM.,hematologi
Klasifikasikan keluhan medis berikut ke spesialisasi yang tepat.,"Halo Dok, saya merasa leukemia, anemia dan juga gangguan pembekuan.",Keluhan ini termasuk dalam kategori Hematologi. Anda disarankan berkonsultasi dengan Dokter Sp.PD-KHOM.,hematologi
Klasifikasikan keluhan medis berikut ke spesialisasi yang tepat.,"Halo Dok, saya merasa gangguan pembekuan, anemia dan juga leukemia.",Keluhan ini termasuk dalam kategori Hematologi. Anda disarankan berkonsultasi dengan Dokter Sp.PD-KHOM.,hematologi
Klasifikasikan keluhan medis berikut ke spesialisasi yang tepat.,"Halo Dok, saya merasa anemia, gangguan pembekuan dan juga leukemia.",Keluhan ini termasuk dalam kategori Hematologi. Anda disarankan berkonsultasi dengan Dokter Sp.PD-KHOM.,hematologi
Klasifikasikan keluhan medis berikut ke spesialisasi yang tepat.,"Halo Dok, saya merasa anemia dan juga gangguan pembekuan.",Keluhan ini termasuk dalam kategori Hematologi. Anda disarankan berkonsultasi dengan Dokter Sp.PD-KHOM.,hematologi
Klasifikasikan keluhan medis berikut ke spesialisasi yang tepat.,"Halo Dok, saya merasa gangguan pembekuan dan juga anemia.",Keluhan ini termasuk dalam kategori Hematologi. Anda disarankan berkonsultasi dengan Dokter Sp.PD-KHOM.,hematologi
Klasifikasikan keluhan medis berikut ke spesialisasi yang tepat.,"Halo Dok, saya merasa anemia dan juga leukemia.",Keluhan ini termasuk dalam kategori Hematologi. Anda disarankan berkonsultasi dengan Dokter Sp.PD-KHOM.,hematologi
Klasifikasikan keluhan medis berikut ke spesialisasi yang tepat.,"Halo Dok, saya merasa penurunan fungsi, lansia dan juga pikun.",Keluhan ini termasuk dalam kategori Geriatri. Anda disarankan berkonsultasi dengan Dokter Sp.PD-KGer.,geriatri
Klasifikasikan keluhan medis berikut ke spesialisasi yang tepat.,"Halo Dok, saya merasa lansia, penurunan fungsi dan juga pikun.",Keluhan ini termasuk dalam kategori Geriatri. Anda disarankan berkonsultasi dengan Dokter Sp.PD-KGer.,geriatri
Klasifikasikan keluhan medis berikut ke spesialisasi yang tepat.,"Halo Dok, saya merasa lansia dan juga penurunan fungsi.",Keluhan ini termasuk dalam kategori Geriatri. Anda disarankan berkonsultasi dengan Dokter Sp.PD-KGer.,geriatri
Klasifikasikan keluhan medis berikut ke spesialisasi yang tepat.,"Halo Dok, saya merasa pikun dan juga penurunan fungsi.",Keluhan ini termasuk dalam kategori Geriatri. Anda disarankan berkonsultasi dengan Dokter Sp.PD-KGer.,geriatri
Klasifikasikan keluhan medis berikut ke spesialisasi yang tepat.,"Halo Dok, saya merasa lansia dan juga pikun.",Keluhan ini termasuk dalam kategori Geriatri. Anda disarankan berkonsultasi dengan Dokter Sp.PD-KGer.,geriatri
Klasifikasikan keluhan medis berikut ke spesialisasi yang tepat.,"Halo Dok, saya merasa penurunan fungsi dan juga pikun.",Keluhan ini termasuk dalam kategori Geriatri. Anda disarankan berkonsultasi dengan Dokter Sp.PD-KGer.,geriatri
Klasifikasikan keluhan medis berikut ke spesialisasi yang tepat.,"Halo Dok, saya merasa pikun dan juga lansia.",Keluhan ini termasuk dalam kategori Geriatri. Anda disarankan berkonsultasi dengan Dokter Sp.PD-KGer.,geriatri
Klasifikasikan keluhan medis berikut ke spesialisasi yang tepat.,"Halo Dok, saya merasa ct scan, rontgen dan juga usg.",Keluhan ini termasuk dalam kategori Radiologi. Anda disarankan berkonsultasi dengan Dokter Spesialis Radiologi (Sp.Rad).,radiologi
Klasifikasikan keluhan medis berikut ke spesialisasi yang tepat.,"Halo Dok, saya merasa rontgen dan juga ct scan.",Keluhan ini termasuk dalam kategori Radiologi. Anda disarankan berkonsultasi dengan Dokter Spesialis Radiologi (Sp.Rad).,radiologi
Klasifikasikan keluhan medis berikut ke spesialisasi yang tepat.,"Halo Dok, saya merasa rontgen dan juga usg.",Keluhan ini termasuk dalam kategori Radiologi. Anda disarankan berkonsultasi dengan Dokter Spesialis Radiologi (Sp.Rad).,radiologi
Klasifikasikan keluhan medis berikut ke spesialisasi yang tepat.,"Halo Dok, saya merasa usg, ct scan dan juga rontgen.",Keluhan ini termasuk dalam kategori Radiologi. Anda disarankan berkonsultasi dengan Dokter Spesialis Radiologi (Sp.Rad).,radiologi
Klasifikasikan keluhan medis berikut ke spesialisasi yang tepat.,"Halo Dok, saya merasa usg, rontgen dan juga ct scan.",Keluhan ini termasuk dalam kategori Radiologi. Anda disarankan berkonsultasi dengan Dokter Spesialis Radiologi (Sp.Rad).,radiologi
Klasifikasikan keluhan medis berikut ke spesialisasi yang tepat.,"Halo Dok, saya merasa rontgen, ct scan dan juga usg.",Keluhan ini termasuk dalam kategori Radiologi. Anda disarankan berkonsultasi dengan Dokter Spesialis Radiologi (Sp.Rad).,radiologi
Klasifikasikan keluhan medis berikut ke spesialisasi yang tepat.,"Halo Dok, saya merasa usg dan juga rontgen.",Keluhan ini termasuk dalam kategori Radiologi. Anda disarankan berkonsultasi dengan Dokter Spesialis Radiologi (Sp.Rad).,radiologi
Klasifikasikan keluhan medis berikut ke spesialisasi yang tepat.,"Halo Dok, saya merasa ct scan, usg dan juga rontgen.",Keluhan ini termasuk dalam kategori Radiologi. Anda disarankan berkonsultasi dengan Dokter Spesialis Radiologi (Sp.Rad).,radiologi
Klasifikasikan keluhan medis berikut ke spesialisasi yang tepat.,"Halo Dok, saya merasa aneurisma, cedera kepala dan juga tumor otak.",Keluhan ini termasuk dalam kategori Bedah Saraf. Anda disarankan berkonsultasi dengan Dokter Spesialis Bedah Saraf (Sp.BS).,bedah_saraf
Klasifikasikan keluhan medis berikut ke spesialisasi yang tepat.,"Halo Dok, saya merasa aneurisma dan juga tumor otak.",Keluhan ini termasuk dalam kategori Bedah Saraf. Anda disarankan berkonsultasi dengan Dokter Spesialis Bedah Saraf (Sp.BS).,bedah_saraf
Klasifikasikan keluhan medis berikut ke spesialisasi yang tepat.,"Halo Dok, saya merasa tumor otak, aneurisma dan juga cedera kepala.",Keluhan ini termasuk dalam kategori Bedah Saraf. Anda disarankan berkonsultasi dengan Dokter Spesialis Bedah Saraf (Sp.BS).,bedah_saraf
Klasifikasikan keluhan medis berikut ke spesialisasi yang tepat.,"Halo Dok, saya merasa tumor otak dan juga cedera kepala.",Keluhan ini termasuk dalam kategori Bedah Saraf. Anda disarankan berkonsultasi dengan Dokter Spesialis Bedah Saraf (Sp.BS).,bedah_saraf
Klasifikasikan keluhan medis berikut ke spesialisasi yang tepat.,"Halo Dok, saya merasa cedera kepala, aneurisma dan juga tumor otak.",Keluhan ini termasuk dalam kategori Bedah Saraf. Anda disarankan berkonsultasi dengan Dokter Spesialis Bedah Saraf (Sp.BS).,bedah_saraf
Klasifikasikan keluhan medis berikut ke spesialisasi yang tepat.,"Halo Dok, saya merasa tumor otak dan juga aneurisma.",Keluhan ini termasuk dalam kategori Bedah Saraf. Anda disarankan berkonsultasi dengan Dokter Spesialis Bedah Saraf (Sp.BS).,bedah_saraf
Klasifikasikan keluhan medis berikut ke spesialisasi yang tepat.,"Halo Dok, saya merasa tumor otak, cedera kepala dan juga aneurisma.",Keluhan ini termasuk dalam kategori Bedah Saraf. Anda disarankan berkonsultasi dengan Dokter Spesialis Bedah Saraf (Sp.BS).,bedah_saraf
Klasifikasikan keluhan medis berikut ke spesialisasi yang tepat.,"Halo Dok, saya merasa penyumbatan pembuluh, varises dan juga aneurisma aorta.",Keluhan ini termasuk dalam kategori Bedah Vaskular. Anda disarankan berkonsultasi dengan Dokter Sp.B-Subsp.BVE.,bedah_vaskular
Klasifikasikan keluhan medis berikut ke spesialisasi yang tepat.,"Halo Dok, saya merasa aneurisma aorta dan juga penyumbatan pembuluh.",Keluhan ini termasuk dalam kategori Bedah Vaskular. Anda disarankan berkonsultasi dengan Dokter Sp.B-Subsp.BVE.,bedah_vaskular
Klasifikasikan keluhan medis berikut ke spesialisasi yang tepat.,"Halo Dok, saya merasa penyumbatan pembuluh dan juga varises.",Keluhan ini termasuk dalam kategori Bedah Vaskular. Anda disarankan berkonsultasi dengan Dokter Sp.B-Subsp.BVE.,bedah_vaskular
Klasifikasikan keluhan medis berikut ke spesialisasi yang tepat.,"Halo Dok, saya merasa varises, penyumbatan pembuluh dan juga aneurisma aorta.",Keluhan ini termasuk dalam kategori Bedah Vaskular. Anda disarankan berkonsultasi dengan Dokter Sp.B-Subsp.BVE.,bedah_vaskular
Klasifikasikan keluhan medis berikut ke spesialisasi yang tepat.,"Halo Dok, saya merasa penyumbatan pembuluh, aneurisma aorta dan juga varises.",Keluhan ini termasuk dalam kategori Bedah Vaskular. Anda disarankan berkonsultasi dengan Dokter Sp.B-Subsp.BVE.,bedah_vaskular
Klasifikasikan keluhan medis berikut ke spesialisasi yang tepat.,"Halo Dok, saya merasa varises dan juga penyumbatan pembuluh.",Keluhan ini termasuk dalam kategori Bedah Vaskular. Anda disarankan berkonsultasi dengan Dokter Sp.B-Subsp.BVE.,bedah_vaskular
Klasifikasikan keluhan medis berikut ke spesialisasi yang tepat.,"Halo Dok, saya merasa penyumbatan pembuluh dan juga aneurisma aorta.",Keluhan ini termasuk dalam kategori Bedah Vaskular. Anda disarankan berkonsultasi dengan Dokter Sp.B-Subsp.BVE.,bedah_vaskular
Klasifikasikan keluhan medis berikut ke spesialisasi yang tepat.,"Halo Dok, saya merasa varises dan juga aneurisma aorta.",Keluhan ini termasuk dalam kategori Bedah Vaskular. Anda disarankan berkonsultasi dengan Dokter Sp.B-Subsp.BVE.,bedah_vaskular
